rouge1,rouge2,rougeL,rougeLsum
0.039279399587839714,0.0,0.03938807119989873,0.039266492424380434
